nb_interactions,temps_site,pages_visitees,favoris_count,rdv_confirmes,messages_envoyes,budget_prospect,ecart_budget_prix,nb_negociations,dossier_complet,classe
8,25,1,6,3,8,921750,14,3,0,chaud
20,34,14,8,3,2,810310,40,4,0,chaud
14,58,5,7,0,6,1498378,14,2,0,chaud
17,24,12,7,3,2,1321645,83,4,1,tiede
20,49,9,7,3,8,305008,56,0,1,chaud
13,38,15,0,1,2,675258,23,1,0,tiede
13,55,7,1,1,3,764104,26,3,0,tiede
6,10,7,3,0,6,596504,75,4,0,froid
15,31,9,2,0,0,417582,30,4,1,tiede
3,36,2,3,0,5,352965,89,1,0,froid
4,34,9,2,1,1,1413464,13,1,0,tiede
11,7,12,8,3,5,1234789,72,2,0,tiede
14,5,3,5,0,10,940113,65,1,0,froid
19,16,14,4,0,6,883057,9,3,0,chaud
20,2,10,8,1,4,1415761,12,4,1,chaud
7,44,12,5,1,3,772963,9,3,1,chaud
17,26,12,7,1,4,1296668,4,2,0,chaud
12,10,14,1,3,1,908587,57,4,1,tiede
19,20,4,2,1,7,630437,74,2,1,froid
14,57,7,0,2,7,851267,29,4,1,chaud
10,17,10,2,3,2,339465,66,2,0,froid
6,59,13,3,2,8,567913,83,2,0,froid
4,3,11,3,1,6,992707,81,1,0,froid
8,25,15,2,3,5,666510,22,4,1,chaud
18,6,14,6,3,8,1127903,80,4,0,tiede
9,41,3,7,3,5,1228482,5,4,0,chaud
12,40,15,7,3,8,1034090,53,1,1,chaud
15,44,14,8,2,6,1243728,87,3,0,tiede
10,43,11,7,1,6,926000,42,4,0,chaud
1,56,11,8,2,3,418617,42,0,1,tiede
12,23,2,5,1,4,654170,63,2,1,froid
4,37,9,6,3,8,1262004,87,2,1,tiede
15,28,5,1,0,3,1209065,75,4,0,froid
2,19,2,7,1,4,576531,17,3,1,tiede
7,42,7,4,1,0,1343337,49,1,1,froid
4,9,1,1,1,5,326753,25,4,1,tiede
18,52,15,0,1,9,542577,58,0,0,tiede
6,47,9,1,0,8,612936,80,3,0,froid
10,48,11,0,0,5,972382,38,0,1,tiede
8,40,7,2,3,0,521789,85,0,0,froid
7,55,4,2,1,10,1419534,49,0,0,froid
12,24,15,2,2,9,290993,20,3,1,chaud
13,59,5,5,2,5,1299824,13,4,0,chaud
9,40,2,4,0,5,1293490,42,3,1,tiede
17,38,4,1,3,10,1382529,8,3,0,chaud
19,26,10,4,3,5,756209,64,1,0,tiede
14,44,4,8,1,10,1146477,34,0,0,chaud
18,44,11,3,3,8,935607,82,2,1,tiede
20,23,4,5,3,4,767426,49,1,0,tiede
2,37,11,0,3,9,528123,65,2,1,froid
5,18,7,1,3,8,387148,85,3,0,froid
1,4,9,1,0,4,513668,10,3,1,tiede
5,32,8,7,2,10,1037435,80,0,1,froid
5,54,8,0,0,8,470144,29,1,0,froid
12,47,12,0,1,10,1108754,73,4,0,froid
6,42,3,1,1,0,400332,53,2,0,froid
18,27,11,6,2,4,1413505,59,2,0,tiede
16,20,5,7,0,5,745100,77,1,0,froid
20,17,8,2,0,6,557690,36,0,0,froid
8,10,3,5,1,1,1414355,25,3,1,tiede
19,20,8,0,3,9,391265,28,1,1,chaud
17,22,1,2,1,0,567355,57,4,1,froid
5,39,7,0,3,5,325457,87,2,0,froid
4,32,10,3,2,5,659342,37,2,0,tiede
18,10,3,2,1,4,641426,52,3,0,froid
10,43,7,2,0,6,850252,65,0,0,froid
1,19,3,8,1,7,1288289,77,3,1,froid
4,34,12,2,0,5,675634,42,4,0,froid
10,22,4,7,1,5,1204795,67,1,0,froid
3,47,3,5,3,2,896398,63,2,0,froid
13,24,11,6,2,5,318329,10,1,0,chaud
18,9,8,5,1,9,829049,10,4,0,chaud
16,26,6,6,1,5,376934,16,0,1,chaud
19,28,5,4,3,1,918397,63,1,1,tiede
9,34,5,4,3,9,1177962,70,0,0,froid
7,10,10,2,1,5,1099046,52,4,0,froid
2,21,3,8,3,9,571406,22,1,1,chaud
16,7,10,6,1,7,313266,77,3,0,froid
19,32,11,6,0,6,1481411,41,4,1,chaud
17,25,7,5,0,6,448696,86,1,0,froid
1,32,12,8,0,8,307314,39,1,0,tiede
5,34,6,0,2,8,283323,26,2,0,tiede
18,60,6,7,3,3,641283,74,4,1,chaud
12,44,4,3,2,4,852852,45,3,1,tiede
1,35,7,5,3,4,1424880,26,3,0,tiede
14,38,1,6,3,3,1076552,43,0,0,tiede
6,17,6,4,3,6,1254534,47,0,1,tiede
19,42,10,5,2,2,1045425,30,3,0,chaud
9,29,15,6,1,7,842897,71,4,1,tiede
13,13,12,3,0,3,1180958,28,4,0,tiede
16,51,15,1,3,1,905660,28,1,1,chaud
17,15,7,3,3,5,878687,67,2,0,tiede
7,51,15,3,0,0,1118929,56,4,0,froid
16,38,2,0,2,6,838798,36,1,0,tiede
18,48,11,8,3,8,1260444,28,1,1,chaud
5,57,3,5,3,2,1128097,29,4,1,chaud
8,33,7,1,2,0,526162,27,1,1,tiede
15,50,13,3,1,4,521715,26,4,1,chaud
9,51,1,4,1,10,1289541,60,2,1,tiede
17,21,6,2,3,6,943870,3,2,1,chaud
16,16,7,0,2,3,1385131,58,4,0,froid
18,42,8,4,2,10,1265053,24,3,0,chaud
5,6,15,1,1,5,379167,64,1,0,froid
2,5,2,1,2,0,1487653,32,1,1,froid
16,43,1,0,1,2,746321,16,2,0,tiede
19,33,13,8,2,10,1089089,5,0,0,chaud
16,22,8,6,1,4,895174,52,3,1,tiede
3,43,6,6,2,0,1168894,52,0,1,froid
19,2,15,2,3,8,1388275,10,3,0,chaud
9,4,1,5,1,7,850951,12,4,1,chaud
17,54,3,0,1,8,362445,88,2,0,froid
9,27,13,6,3,0,571376,44,2,1,tiede
9,52,11,1,3,8,835378,43,4,1,chaud
7,52,1,5,3,2,765347,19,3,0,chaud
7,34,12,8,0,3,327415,80,2,1,froid
2,25,4,8,0,8,533864,81,2,1,froid
1,10,12,4,0,10,876158,72,0,1,froid
18,25,9,7,0,3,1119885,78,4,0,froid
19,20,1,7,2,9,1178243,64,2,1,tiede
14,56,9,3,0,7,1379544,29,1,1,chaud
17,54,3,1,1,9,1175436,18,4,0,chaud
17,48,3,6,2,9,1223565,50,1,1,chaud
14,57,6,1,2,0,860509,6,4,1,chaud
5,36,9,0,1,10,364479,86,0,0,froid
1,48,14,0,1,5,768219,48,4,0,froid
18,52,8,0,1,7,550642,70,1,1,froid
14,40,6,1,2,5,966828,74,2,1,froid
9,34,8,1,3,5,1161892,54,0,1,tiede
10,24,13,2,0,6,512386,44,4,0,froid
7,8,2,5,1,7,985043,23,4,1,tiede
6,60,15,2,0,2,1040492,50,1,1,froid
16,34,9,0,1,5,605666,28,4,1,tiede
8,32,8,7,2,3,265441,56,2,1,tiede
17,6,6,7,1,3,1330267,82,1,1,froid
5,45,1,4,2,6,638324,26,4,0,tiede
9,34,11,7,0,3,764357,86,1,0,froid
5,47,6,4,3,10,1035598,26,0,0,chaud
1,55,1,1,1,5,915621,26,4,1,tiede
8,6,13,7,1,10,1477512,14,1,0,chaud
17,12,9,7,1,7,837706,38,3,0,chaud
1,56,14,4,3,2,597070,6,2,1,chaud
10,48,7,4,2,8,527592,59,3,0,tiede
13,13,4,0,3,2,353130,25,2,0,tiede
14,2,8,0,2,1,724384,75,3,1,froid
19,4,7,2,3,9,1010634,76,2,1,tiede
17,40,15,1,3,1,1020710,60,1,1,tiede
1,14,8,7,0,2,1492736,18,1,0,froid
16,59,13,0,0,0,569383,47,3,0,froid
9,10,8,8,3,8,613166,24,0,0,chaud
14,39,5,6,1,2,607995,86,3,1,froid
3,9,15,3,2,5,525471,3,2,0,tiede
20,17,14,8,2,5,1229105,10,1,0,chaud
9,4,3,0,3,8,727356,24,0,1,tiede
11,28,10,7,3,2,790396,44,1,1,chaud
5,55,6,6,1,8,1451398,24,0,0,tiede
5,42,5,3,1,6,697810,48,4,0,froid
16,2,10,6,3,4,1026618,23,3,0,chaud
17,30,10,6,1,1,1278247,70,4,0,tiede
5,60,4,6,1,7,325256,2,4,1,chaud
15,7,10,0,2,2,1431826,29,1,0,tiede
10,5,7,7,3,2,1286108,20,1,0,chaud
2,46,5,3,2,2,339270,54,0,1,froid
12,24,9,8,0,1,308655,6,4,0,chaud
2,59,2,1,2,8,253703,83,2,0,froid
14,30,13,2,0,4,493585,47,0,1,froid
19,35,14,4,0,2,1138949,73,1,0,froid
2,28,3,5,0,3,588726,60,3,1,froid
13,41,12,0,3,8,634646,60,1,1,tiede
5,60,9,6,0,1,820500,44,4,1,tiede
4,44,13,2,0,6,1237923,90,0,1,froid
20,46,11,0,3,3,1345108,35,4,0,chaud
20,45,9,6,0,9,1082746,45,3,1,chaud
10,19,14,1,1,6,384934,25,1,0,tiede
3,17,1,3,0,10,1409428,82,3,0,froid
12,45,9,6,0,7,1362642,6,1,1,chaud
14,18,6,8,1,8,1270285,84,0,1,froid
4,37,14,6,0,0,1162932,12,3,1,chaud
8,13,1,0,1,7,488949,1,4,1,tiede
15,52,4,5,1,9,254744,69,3,0,tiede
1,51,1,5,0,9,1153923,80,0,0,froid
15,8,6,4,0,10,1067136,27,0,1,tiede
10,4,14,1,0,4,933106,46,4,1,tiede
14,38,1,2,3,10,1366369,35,0,1,chaud
9,56,9,4,1,0,835144,43,4,0,tiede
13,16,11,6,3,8,279169,50,2,1,chaud
16,60,14,5,3,8,272393,68,1,1,chaud
14,5,7,3,0,8,1060386,52,3,0,froid
20,18,6,1,2,9,776684,42,0,0,tiede
7,5,11,5,3,5,1490606,14,3,0,chaud
15,6,8,4,0,10,1086933,72,3,0,froid
20,16,11,2,2,4,291302,32,4,1,chaud
19,17,11,1,1,9,1331600,87,1,0,froid
9,14,3,8,3,2,672163,1,4,0,chaud
13,16,8,0,2,7,708731,14,4,0,chaud
9,56,13,1,3,4,705929,17,3,0,chaud
8,37,6,4,2,6,1268995,76,3,1,tiede
18,20,4,8,0,4,1231668,79,0,0,froid
12,37,10,2,1,6,649555,14,4,1,chaud
4,55,13,0,1,7,319272,58,1,1,froid
20,35,3,6,0,3,761395,8,3,0,chaud
13,7,3,4,0,3,342909,62,1,0,froid
10,26,3,1,3,1,820039,7,3,0,chaud
15,59,10,2,1,9,596621,27,1,1,chaud
6,14,8,7,3,3,1399483,67,2,1,tiede
20,34,2,3,2,0,1074393,7,4,0,chaud
10,35,9,4,2,5,1436394,87,1,1,froid
5,7,1,6,3,2,949343,24,4,1,chaud
2,50,11,1,0,5,1333515,42,3,0,froid
10,38,4,4,2,0,436690,41,2,0,froid
18,47,12,3,2,3,467793,48,3,1,chaud
20,9,15,6,2,4,1131124,69,1,0,tiede
20,48,3,1,1,0,1132033,15,0,0,tiede
18,37,2,3,1,9,588358,68,2,1,tiede
5,54,6,5,0,9,386955,49,4,0,tiede
12,29,12,4,1,5,819733,78,0,1,froid
6,33,8,0,0,9,1475157,56,4,0,froid
1,51,11,7,1,10,984985,72,4,0,tiede
2,23,14,6,1,10,1269604,88,2,1,froid
7,40,12,8,1,5,863293,87,3,0,froid
18,55,9,4,1,9,684673,26,2,0,chaud
10,16,15,4,1,0,1276131,30,3,0,tiede
17,54,13,3,3,4,816644,15,0,0,chaud
5,5,2,3,1,5,985790,22,1,0,froid
10,32,13,8,0,6,649495,32,1,0,tiede
13,24,13,5,3,9,440519,89,4,0,tiede
7,27,8,3,1,1,1352133,79,1,1,froid
13,18,3,6,0,10,522031,16,3,0,chaud
12,27,15,1,2,0,612615,1,3,1,chaud
10,49,2,3,2,9,865733,41,0,1,tiede
3,4,15,0,2,3,1099913,66,4,0,froid
20,10,6,0,0,2,1036137,83,2,1,froid
13,5,9,4,2,7,987017,33,0,1,tiede
5,11,4,0,2,5,881424,24,1,1,tiede
17,48,11,6,2,9,1010811,19,3,1,chaud
14,5,5,7,1,8,562507,55,1,0,froid
8,25,12,8,0,10,425540,41,1,1,tiede
16,43,2,7,0,6,774808,32,1,1,chaud
3,15,15,1,1,1,958455,86,4,1,froid
3,60,8,4,0,8,1232732,29,4,1,chaud
9,6,5,5,0,6,1495199,16,3,0,tiede
19,18,5,6,3,3,1319994,62,4,0,tiede
16,18,8,6,3,4,781668,74,2,0,tiede
8,7,11,6,0,7,1285852,83,3,1,froid
13,53,14,2,3,4,1328434,37,0,1,chaud
12,47,9,2,3,7,508611,66,1,1,tiede
20,23,3,7,2,4,255625,74,0,0,froid
1,45,10,5,2,0,304455,51,1,1,froid
2,30,4,1,2,3,851159,37,1,1,froid
9,50,4,5,0,2,951600,55,3,1,froid
14,41,14,5,1,8,346094,53,0,1,tiede
19,25,9,0,3,5,455557,89,0,1,froid
3,43,4,0,1,2,557935,10,2,0,froid
15,47,13,4,0,9,325805,51,4,0,tiede
2,23,8,0,0,9,741981,11,4,0,tiede
11,19,5,0,1,1,1226369,66,0,0,froid
14,24,12,7,3,10,462268,88,4,1,tiede
12,7,10,3,0,3,1066677,46,0,0,froid
16,8,14,2,3,7,838341,30,4,1,chaud
10,20,13,4,3,3,1218434,60,2,1,tiede
3,39,9,6,3,4,1195394,39,0,1,tiede
6,47,9,7,2,4,672921,9,3,1,chaud
13,14,11,6,1,6,1372857,60,4,0,tiede
3,59,13,8,2,0,800299,10,2,1,chaud
20,59,9,0,1,9,856503,74,1,0,froid
3,47,14,0,2,0,1236485,71,0,0,froid
6,15,1,4,0,9,267863,1,0,1,tiede
17,39,10,0,1,5,664991,3,1,0,chaud
6,25,12,2,2,6,515909,44,1,1,tiede
3,52,9,4,1,1,1342757,90,0,1,froid
3,52,13,5,2,0,499428,52,3,0,froid
15,31,9,0,3,0,872656,18,3,1,chaud
9,29,3,6,3,9,680828,22,1,1,chaud
11,49,11,8,0,1,657030,86,3,0,froid
20,15,13,2,0,9,678120,18,0,1,chaud
13,55,2,6,3,10,1041379,68,0,1,tiede
6,58,3,5,2,0,1166902,63,0,1,froid
8,48,15,5,0,0,742319,15,4,0,chaud
16,37,6,4,1,0,337709,71,0,0,froid
18,31,1,8,1,5,1121775,20,1,0,chaud
13,25,14,8,3,10,690225,58,3,0,chaud
2,55,10,5,3,2,1175553,27,3,1,chaud
12,6,8,2,1,6,511770,25,2,0,tiede
2,42,4,2,3,10,1146389,19,2,1,chaud
6,35,11,4,0,1,430979,61,4,1,froid
20,49,5,5,3,0,559809,35,1,1,chaud
6,16,11,6,0,3,741367,84,0,1,froid
9,8,4,6,0,5,1152520,25,3,1,tiede
1,18,4,4,2,6,1008178,35,2,1,tiede
3,60,3,5,2,6,504822,17,1,1,chaud
5,6,6,7,2,7,1088153,25,1,1,chaud
6,52,12,0,0,1,1031750,31,4,0,froid
10,46,5,1,0,5,663138,90,3,1,froid
19,22,14,7,3,8,1228184,21,2,1,chaud
13,17,1,0,1,1,377325,38,0,0,froid
19,18,13,8,2,8,620391,60,1,1,chaud
20,52,2,2,0,1,362019,48,4,0,froid
13,57,5,4,0,2,1210976,68,4,0,froid
10,35,2,7,0,8,997269,56,4,1,tiede
18,42,5,3,2,8,1398944,67,2,1,tiede
4,12,4,5,1,2,1431352,63,4,0,froid
10,55,4,4,1,10,1428412,81,0,0,froid
20,40,10,0,3,2,1420923,52,3,1,chaud
1,52,3,2,3,5,510948,3,3,0,chaud
20,33,15,1,2,8,593015,84,2,1,tiede
8,47,2,3,3,3,1493970,65,0,1,froid
17,49,7,4,0,1,1460152,8,4,0,chaud
12,27,13,2,0,7,1138062,38,0,1,tiede
12,49,6,2,1,2,747376,86,3,1,froid
6,17,7,8,2,4,392952,41,3,0,tiede
9,14,8,8,0,9,356514,48,2,1,tiede
14,50,1,3,2,3,1162072,43,3,1,tiede
14,13,15,1,2,1,532468,60,1,0,froid
15,39,7,2,2,9,1493175,72,2,0,tiede
5,6,2,7,1,6,974618,86,4,0,froid
6,42,12,0,1,2,605629,71,3,0,froid
8,27,7,4,1,9,774486,5,3,1,chaud
18,11,6,7,3,2,265317,66,0,1,tiede
16,26,7,1,2,2,788994,28,0,0,tiede
14,12,1,0,0,5,1158078,85,2,0,froid
7,23,14,5,3,6,497919,11,1,0,chaud
9,5,13,1,1,7,1467962,88,2,1,froid
2,34,1,2,1,7,1254669,61,2,0,froid
8,37,4,6,3,10,992253,60,4,1,chaud
11,56,6,8,3,6,1316344,9,3,1,chaud
6,8,3,2,3,4,644849,66,1,0,froid
18,30,9,3,1,0,1430513,54,4,1,tiede
16,35,11,8,3,2,1256317,61,2,1,chaud
8,27,3,5,1,10,393419,1,2,0,chaud
13,46,7,3,0,3,1034597,41,3,0,tiede
16,48,7,0,2,4,344353,22,0,0,tiede
7,40,11,7,2,0,781221,31,4,0,chaud
4,52,6,4,1,0,270224,44,1,1,froid
17,10,1,6,2,6,1360217,15,4,1,chaud
18,47,14,8,1,0,857138,63,3,1,tiede
15,55,13,4,1,5,273814,34,4,1,chaud
1,18,2,4,2,5,942322,21,1,1,tiede
5,45,8,2,3,6,586805,7,2,0,chaud
2,13,14,2,3,4,740953,58,2,0,froid
5,23,1,6,3,4,422402,46,2,1,tiede
15,44,8,8,2,9,736534,82,0,0,tiede
5,55,4,7,3,10,1208642,36,2,1,chaud
3,9,3,2,2,10,1124563,51,0,1,froid
5,51,13,3,1,5,408544,83,1,0,froid
8,45,13,0,3,9,613287,56,4,1,tiede
18,8,10,5,2,6,1489657,31,0,0,tiede
12,5,1,3,1,2,690516,82,0,0,froid
18,11,2,5,1,8,341886,85,0,0,froid
17,22,1,5,1,1,658363,78,3,1,froid
2,20,13,0,2,5,540569,40,1,1,froid
13,7,10,3,1,4,919922,14,4,0,chaud
2,20,9,4,2,2,1086472,32,2,0,tiede
5,47,3,4,2,5,969564,78,3,1,froid
11,7,12,8,2,5,933464,32,1,0,tiede
4,45,5,5,2,3,935908,5,2,0,chaud
12,57,13,6,0,3,1488390,72,1,1,froid
11,33,10,0,1,8,1274992,38,0,1,tiede
18,29,11,7,0,7,828840,31,3,1,chaud
10,44,9,7,3,4,266708,74,3,0,tiede
2,54,4,4,2,2,739027,31,2,0,tiede
3,6,7,8,0,8,846647,54,1,0,froid
6,54,10,8,0,5,1018047,47,2,0,tiede
3,40,9,3,0,2,819246,69,3,1,froid
5,12,8,7,2,7,1194070,58,2,1,tiede
14,54,13,2,3,0,1238687,58,2,1,tiede
8,14,5,8,2,0,284406,72,0,0,froid
2,43,10,3,2,7,1347069,25,1,1,tiede
2,34,10,7,3,0,1001438,56,3,1,tiede
4,56,15,4,1,0,356690,81,2,1,froid
17,46,3,4,2,0,1448019,54,2,0,tiede
7,24,14,8,1,10,1274269,61,0,0,tiede
16,43,15,6,0,6,333408,46,1,1,tiede
5,10,6,6,3,8,610547,58,1,0,froid
1,33,9,1,0,1,1059222,46,0,0,froid
15,39,12,5,3,10,425818,58,0,1,chaud
2,57,8,8,3,4,290615,62,2,0,tiede
10,32,11,1,1,4,583500,82,3,0,froid
13,45,3,5,0,5,255143,77,4,1,froid
4,22,7,3,0,2,448466,4,3,1,tiede
14,43,3,5,0,9,763586,78,0,1,froid
5,18,8,0,3,4,1299732,4,0,1,tiede
8,31,11,1,0,8,388825,82,0,0,froid
20,48,9,2,1,5,1244367,21,3,0,chaud
19,10,1,8,0,6,683134,28,4,0,tiede
12,37,13,7,0,7,769979,19,3,0,chaud
4,53,7,1,3,6,1140462,12,3,0,chaud
19,30,12,7,3,8,503275,1,4,0,chaud
3,55,2,1,1,4,823363,41,4,1,tiede
8,11,9,6,2,9,776090,47,2,0,tiede
18,40,12,5,1,6,1261295,9,2,1,chaud
13,54,7,5,2,6,556412,16,3,0,chaud
20,35,5,2,0,10,944419,61,3,0,tiede
13,21,8,7,1,6,1029276,56,0,0,froid
20,7,3,7,0,2,1258024,48,2,0,froid
18,21,14,4,0,3,1087827,34,0,0,tiede
16,4,9,3,0,3,1239756,17,2,1,tiede
15,21,3,5,0,4,948614,48,2,0,froid
18,23,12,4,2,9,500173,76,1,0,tiede
1,49,8,4,0,2,872120,60,4,1,froid
4,6,13,0,3,7,962996,17,4,1,chaud
13,21,6,5,3,0,789756,76,0,1,froid
13,16,14,6,2,7,1457384,16,2,1,chaud
2,26,1,0,1,5,672050,28,1,0,froid
20,21,6,4,0,0,1131226,87,4,1,froid
3,57,10,3,1,3,1465221,26,4,0,tiede
15,44,2,2,3,2,1382255,23,2,0,chaud
12,44,13,0,3,4,348962,18,0,1,chaud
7,51,4,4,3,0,777190,82,3,1,froid
17,18,12,1,0,4,460541,56,2,1,froid
8,20,2,3,3,9,837696,58,3,1,tiede
10,34,7,4,0,0,516393,77,2,1,froid
2,41,1,1,3,7,307273,58,3,1,froid
18,26,5,5,0,3,1358740,28,4,0,tiede
14,22,6,6,1,3,1277977,48,1,0,tiede
11,29,6,6,0,9,345940,49,4,1,tiede
7,59,9,0,3,3,349350,20,0,0,tiede
8,35,10,0,1,7,582671,21,2,1,tiede
12,2,4,7,1,5,1468595,25,4,1,chaud
8,56,12,7,3,7,1277489,32,0,0,chaud
14,27,2,7,2,5,970317,11,2,1,chaud
10,59,2,3,2,1,549118,30,2,0,tiede
12,38,1,2,1,1,1480231,37,1,1,tiede
5,40,4,6,1,3,420643,6,4,0,chaud
7,17,5,7,3,10,967990,67,4,1,tiede
19,2,13,0,1,9,1260475,75,4,1,tiede
7,57,6,3,1,3,808395,24,0,0,tiede
18,16,11,7,1,4,575860,8,1,1,chaud
20,5,2,4,3,9,1265140,32,4,1,chaud
11,42,8,1,3,8,518264,9,3,0,chaud
16,18,7,1,1,0,905788,5,1,1,tiede
18,7,8,0,1,0,572350,34,4,1,tiede
20,41,6,6,0,1,978652,32,1,0,tiede
19,47,15,8,0,5,1353653,46,2,1,chaud
2,39,10,2,3,0,1033472,12,3,1,chaud
7,16,5,1,3,10,387101,77,4,0,froid
16,57,3,8,1,2,611154,70,3,1,tiede
2,24,10,4,3,5,820310,87,2,1,froid
15,57,1,5,3,5,512401,50,4,0,chaud
16,60,7,4,1,2,394193,55,3,0,tiede
6,10,3,7,1,3,354821,21,2,1,tiede
16,29,10,1,3,6,1441658,53,0,0,tiede
20,13,7,2,3,10,861952,90,0,1,froid
20,25,15,7,3,1,870171,57,0,0,tiede
4,31,3,2,1,2,800254,78,1,1,froid
8,60,10,0,2,7,932327,52,1,1,tiede
8,33,10,4,3,6,556713,9,4,1,chaud
16,49,11,2,3,6,787832,17,2,1,chaud
11,48,1,5,3,4,859626,38,1,0,tiede
3,17,2,2,1,4,688678,60,1,0,froid
8,60,1,0,3,8,1383544,66,2,1,tiede
3,10,12,4,3,3,838188,11,3,1,chaud
14,16,1,5,3,1,615371,82,4,1,froid
11,10,9,2,2,1,1171818,41,3,1,tiede
9,57,11,0,1,8,1358473,11,4,1,chaud
20,20,12,4,2,5,1211119,6,2,0,chaud
19,49,5,0,2,7,386962,50,2,1,tiede
19,23,4,3,1,9,859964,52,2,1,tiede
1,24,4,4,2,7,1185133,81,2,0,froid
20,52,2,5,1,0,1197839,45,3,1,tiede
17,6,6,3,0,4,520381,90,4,1,froid
5,58,15,0,2,6,766443,33,4,1,chaud
3,11,10,0,3,3,1184658,69,0,0,froid
20,39,11,3,1,1,813778,70,4,0,tiede
3,36,4,7,3,7,908502,30,4,1,chaud
1,48,7,2,3,6,1387507,35,4,0,tiede
19,60,10,3,3,3,1010657,88,4,1,tiede
4,47,8,1,0,3,1281969,83,2,1,froid
12,29,15,0,3,3,1461272,75,3,0,froid
19,20,8,1,2,3,420113,68,2,1,froid
8,42,12,1,1,9,1161586,13,0,0,tiede
2,40,5,1,3,4,1216394,16,4,1,chaud
2,42,2,2,2,0,696209,45,1,0,froid
6,48,11,6,1,6,1482496,75,4,0,froid
4,40,4,0,1,4,395076,48,0,1,froid
19,57,5,3,1,9,572550,34,2,1,chaud
3,45,13,7,3,5,481648,10,1,1,chaud
10,32,14,1,1,0,800234,16,3,0,tiede
16,55,11,7,0,7,1183021,13,4,1,chaud
12,47,5,4,2,9,1099507,2,4,1,chaud
12,11,13,4,1,3,1139022,59,4,1,tiede
5,27,1,1,2,5,470611,56,3,1,froid
8,25,10,7,3,5,1068836,34,4,1,chaud
2,19,15,4,0,7,1350953,19,2,1,tiede
14,34,2,5,3,0,1434210,10,1,1,chaud
15,19,15,8,2,4,1428494,34,4,0,chaud
18,10,15,4,0,2,660160,14,1,0,tiede
11,23,4,6,0,9,464144,34,3,0,tiede
5,23,1,0,3,1,1072141,70,0,1,froid
11,27,8,2,1,0,818985,13,3,0,tiede
7,14,2,7,0,3,533622,5,3,0,tiede
1,48,3,8,2,10,1366644,59,3,1,tiede
19,15,4,7,3,0,684486,8,1,1,chaud
5,13,13,2,3,10,946363,77,2,1,tiede
3,7,14,3,2,5,523935,16,1,0,tiede
16,20,3,4,0,2,480477,12,3,0,tiede
17,48,14,5,2,4,386999,52,2,1,chaud
1,13,10,5,1,9,1414439,61,1,1,froid
8,21,4,1,0,10,994772,46,0,1,froid
16,39,9,1,3,6,1385420,63,2,1,tiede
11,8,2,3,3,7,767632,26,3,0,tiede
7,20,1,2,1,8,623589,2,0,1,tiede
18,32,7,7,3,5,457328,17,1,0,chaud
16,24,12,3,0,3,737307,30,4,0,tiede
9,34,9,6,0,10,738742,88,0,1,froid
11,40,5,8,2,5,955572,56,3,1,chaud
18,56,3,4,0,9,713288,37,4,1,chaud
6,44,15,8,1,5,690640,30,1,1,chaud
3,54,6,1,0,6,965324,43,4,0,froid
14,58,8,0,0,10,606741,34,4,0,tiede
15,43,13,8,3,10,1309469,56,0,0,chaud
5,25,8,5,0,0,960299,87,1,1,froid
11,48,14,2,2,8,1037254,22,4,0,chaud
20,50,8,2,3,0,944039,29,3,1,chaud
17,45,1,0,0,10,1090551,62,2,0,froid
13,29,14,4,0,1,627255,25,0,0,tiede
1,26,11,7,1,4,627545,38,0,1,tiede
6,26,11,5,2,6,384288,10,0,1,chaud
16,43,8,0,1,2,1161275,85,4,1,froid
12,32,13,2,0,9,1019956,40,1,1,tiede
19,18,13,7,3,5,322363,66,0,0,tiede
10,48,3,4,2,0,1192647,80,4,0,froid
12,42,12,8,2,3,657104,63,3,0,tiede
17,28,1,2,3,7,885981,84,4,0,froid
7,60,1,5,0,0,974843,14,4,0,tiede
10,46,8,8,1,8,984074,1,3,0,chaud
14,16,11,1,3,0,709095,40,3,0,tiede
10,2,11,8,2,4,1238025,62,3,1,tiede
19,54,4,1,0,3,1481766,18,1,0,tiede
18,47,11,3,2,8,1218992,82,1,1,tiede
8,39,7,5,1,4,1055034,36,0,1,tiede
2,52,11,6,2,9,1382342,68,4,0,tiede
7,10,10,1,2,8,423238,48,1,0,froid
5,22,1,0,0,5,1392744,85,0,0,froid
1,14,7,0,3,10,990552,46,3,1,tiede
1,43,9,8,1,10,1386964,16,2,1,chaud
17,38,14,5,1,2,1260249,15,0,0,chaud
5,47,7,3,3,0,1065061,42,0,1,tiede
19,23,15,8,2,6,835024,79,1,1,tiede
13,6,4,5,2,2,1465171,90,3,0,froid
8,60,8,1,2,0,1223116,81,4,1,froid
14,14,10,0,3,2,615920,19,0,0,tiede
7,43,15,0,0,5,932794,57,2,1,froid
3,4,15,8,3,1,1106877,68,0,1,froid
14,48,8,2,3,5,628710,31,1,1,chaud
4,11,11,7,3,3,424333,30,1,0,tiede
20,24,11,2,2,5,1288155,84,3,0,froid
10,24,4,3,3,8,344524,14,3,0,chaud
14,5,3,0,3,9,737348,15,2,0,chaud
20,2,2,6,1,2,1016248,87,1,1,froid
10,11,8,4,3,6,741783,42,2,0,tiede
8,47,2,6,3,8,456470,5,1,0,chaud
20,56,4,3,0,1,949448,22,2,1,chaud
10,24,1,1,1,3,477463,29,3,0,froid
10,15,7,7,3,0,913603,84,3,1,froid
16,3,9,0,2,9,1282745,36,4,1,chaud
12,20,9,1,3,3,1181073,19,4,0,chaud
16,51,6,1,2,0,574460,15,4,1,chaud
13,54,15,1,2,0,434213,32,3,0,tiede
20,49,9,3,1,2,784636,43,4,0,tiede
10,47,6,4,3,1,681434,40,0,1,tiede
11,34,12,0,2,5,862839,24,1,1,tiede
7,46,9,0,1,5,474275,34,2,0,froid
15,42,11,0,2,6,1123678,25,2,0,chaud
19,18,5,4,0,5,1417936,7,2,1,chaud
18,7,12,6,2,4,749460,49,0,1,tiede
4,19,15,8,3,1,527938,19,0,0,tiede
10,50,2,3,1,3,1006952,82,2,0,froid
9,14,10,5,3,1,369686,2,3,1,chaud
1,2,1,4,0,5,378751,29,1,0,froid
14,28,3,8,2,8,1498036,86,1,1,tiede
11,47,4,4,2,9,305069,37,1,0,tiede
13,10,4,7,1,5,1227980,60,1,1,tiede
8,38,1,2,3,0,1356067,83,3,1,froid
8,57,3,7,1,6,417699,54,0,1,tiede
12,4,14,2,2,3,1078316,22,4,1,chaud
8,52,1,5,0,1,1214689,61,2,0,froid
3,30,7,3,1,9,907162,76,3,0,froid
16,32,3,1,3,5,314565,87,1,0,froid
11,55,1,0,0,2,653593,18,2,0,froid
11,21,15,0,2,5,350170,63,2,1,froid
3,29,14,0,3,8,1432122,19,0,1,chaud
18,44,13,4,2,7,382050,26,3,1,chaud
11,50,8,6,3,2,361498,28,1,1,chaud
17,12,13,0,0,7,503175,27,3,1,tiede
3,13,4,6,2,1,930219,10,0,0,tiede
10,56,6,2,1,5,1104049,66,1,1,froid
16,6,1,6,1,3,876016,22,1,0,tiede
5,10,7,7,1,5,1453715,74,2,1,froid
8,24,3,2,2,8,1142837,35,3,0,tiede
1,60,4,6,3,2,723585,37,0,0,tiede
2,45,11,1,3,5,662629,12,3,0,chaud
12,19,1,7,0,10,875922,3,2,0,chaud
18,40,6,5,3,10,1450580,85,4,1,chaud
18,48,15,7,2,10,1398704,11,2,0,chaud
16,19,12,1,2,5,1120941,52,4,1,tiede
6,8,12,1,2,8,982054,32,1,1,tiede
19,3,6,8,0,5,602296,86,4,1,froid
11,4,12,2,3,9,1303483,43,3,0,tiede
2,37,11,6,2,6,1275994,13,1,0,chaud
6,15,14,7,1,9,926746,29,2,0,tiede
4,60,4,4,2,8,1304223,29,3,1,chaud
15,16,3,0,0,2,290473,70,4,0,froid
13,39,7,1,3,4,458681,36,4,0,tiede
17,20,11,6,0,0,622595,65,3,0,froid
20,27,9,6,3,4,1012446,67,3,0,tiede
5,44,10,7,1,9,1383280,11,2,1,chaud
15,31,1,8,2,3,1405885,80,1,1,froid
1,31,2,7,0,8,1421654,26,4,1,tiede
15,14,2,1,1,6,1465306,5,4,0,chaud
11,2,12,1,3,10,534509,19,2,1,chaud
2,12,11,8,3,1,608188,24,1,0,tiede
16,32,15,3,1,5,797086,61,1,1,tiede
15,20,7,6,3,0,524579,41,4,1,chaud
4,15,13,8,3,0,637509,46,4,1,tiede
14,41,12,8,0,1,1366281,45,2,0,tiede
11,42,8,7,3,2,881522,33,1,1,chaud
6,54,15,8,3,2,930328,16,4,0,chaud
5,9,2,3,2,3,421950,55,0,0,froid
10,20,10,7,0,6,559219,47,3,0,tiede
7,38,15,1,1,7,382157,33,3,1,tiede
13,33,1,7,0,3,1129988,9,3,0,chaud
3,42,12,2,0,10,952004,90,1,1,froid
6,43,14,2,3,9,1435132,37,0,0,tiede
13,54,13,2,1,8,851494,12,3,0,chaud
18,39,5,2,2,8,1239206,57,2,0,tiede
7,24,2,2,0,0,1307930,37,0,0,froid
13,57,13,3,3,1,754732,3,2,1,chaud
14,51,11,2,0,8,1358759,80,4,0,froid
9,28,15,6,1,8,1083915,25,0,0,tiede
7,37,15,3,3,0,263846,49,2,0,tiede
5,41,13,4,1,9,837616,79,0,1,froid
12,16,12,4,1,5,887630,74,4,1,tiede
14,59,10,5,2,7,587971,82,1,1,tiede
1,16,9,7,0,7,1159214,31,2,0,tiede
16,17,11,0,3,1,1341428,38,3,0,tiede
9,21,12,8,1,5,1160925,39,3,0,tiede
2,29,9,0,0,0,1429219,35,3,0,froid
8,50,7,2,1,1,1227264,90,1,0,froid
20,43,8,6,2,1,904938,39,1,0,tiede
14,60,8,0,3,8,285367,36,3,0,chaud
11,33,10,1,3,10,586070,90,4,0,froid
17,15,11,0,3,8,1176836,62,0,1,tiede
20,29,7,8,0,7,262257,67,0,0,froid
17,34,14,5,0,7,1301051,44,0,1,tiede
6,9,14,7,0,4,1032355,15,2,0,tiede
15,11,14,5,2,4,602790,76,4,1,tiede
17,53,2,0,1,1,1074445,63,3,0,froid
9,51,10,3,1,0,471704,82,4,0,froid
11,15,3,7,3,9,729346,47,0,1,tiede
2,30,13,7,3,9,816347,21,3,0,chaud
17,38,1,4,3,10,749451,40,0,1,chaud
2,26,12,1,2,2,381123,73,0,1,froid
3,6,12,4,3,10,594691,29,3,0,tiede
3,32,1,7,1,2,1158514,15,0,1,tiede
12,7,11,3,1,4,798143,31,2,0,tiede
2,43,13,0,2,2,526860,77,1,1,froid
9,18,7,6,1,7,1468995,12,1,1,chaud
2,46,1,7,0,4,804249,33,3,1,tiede
16,30,11,6,0,4,661336,20,3,1,chaud
11,38,13,3,0,6,1048671,19,1,1,chaud
17,41,7,5,2,3,1057724,2,2,0,chaud
16,38,10,2,3,7,1131012,31,1,1,chaud
5,56,13,8,0,6,882926,53,0,0,tiede
10,33,2,5,0,6,599880,7,1,1,tiede
13,29,8,4,3,7,267519,12,2,1,chaud
15,37,7,8,2,2,1454985,65,4,1,tiede
1,47,2,0,2,1,1439435,67,3,0,froid
10,53,13,2,0,4,871218,4,3,0,chaud
3,19,12,8,0,8,815085,3,3,0,chaud
4,54,14,6,0,2,1435204,27,0,0,tiede
3,57,9,8,3,7,1359756,61,2,0,tiede
12,40,5,2,3,7,441311,67,1,0,froid
9,10,3,2,3,3,744540,9,3,0,chaud
18,38,11,6,2,5,395218,46,0,1,chaud
14,14,1,7,2,6,1154047,31,2,1,chaud
16,2,15,0,2,0,587860,61,0,0,froid
6,3,3,3,1,2,1445219,47,3,1,froid
12,54,8,8,3,4,1238532,54,0,1,chaud
6,37,8,0,0,4,1173640,69,4,0,froid
8,31,3,8,0,2,300864,17,1,0,tiede
2,33,15,2,1,7,731793,64,0,0,froid
17,49,6,5,0,3,1482443,35,2,1,tiede
16,24,6,1,1,9,735941,58,1,1,tiede
8,47,14,6,1,10,1249592,83,2,1,tiede
13,17,1,8,3,4,941851,56,2,0,tiede
7,40,1,3,3,10,467656,72,2,1,tiede
1,4,4,3,3,5,861273,21,2,0,tiede
20,50,4,4,2,4,358592,8,3,0,chaud
16,41,14,6,1,1,577510,56,1,1,tiede
20,54,15,1,1,9,562573,21,3,0,chaud
4,33,4,8,2,2,1432440,23,3,1,chaud
6,16,10,7,3,2,962250,29,2,0,tiede
12,52,1,4,3,4,623164,40,1,1,tiede
12,58,2,8,3,7,911196,49,3,0,chaud
15,42,15,2,2,8,883763,31,4,0,chaud
6,57,2,5,2,1,1324789,66,2,1,froid
14,16,15,5,1,10,750785,79,4,1,tiede
2,20,10,1,3,0,1071199,85,2,1,froid
2,14,9,4,1,7,1141780,42,4,0,tiede
20,32,5,8,2,2,1479025,55,4,1,chaud
15,35,9,3,1,1,604269,55,3,0,froid
17,48,5,1,2,5,688801,89,0,0,froid
8,4,9,8,2,10,947763,38,1,0,tiede
1,41,9,6,1,3,972034,62,2,1,froid
16,52,2,5,1,3,1077047,26,4,1,chaud
12,25,14,0,2,5,730848,23,3,0,tiede
2,40,9,4,2,10,1230478,60,4,1,tiede
15,58,11,5,2,6,1317821,39,2,0,chaud
3,60,10,1,1,7,728926,61,2,0,froid
14,14,15,6,3,7,904697,87,2,0,tiede
18,3,9,1,0,4,1106256,19,3,1,tiede
13,4,3,7,3,0,422543,65,0,0,froid
10,40,10,2,2,6,1131881,25,0,1,chaud
11,20,11,5,1,7,315283,87,0,1,froid
2,50,13,5,1,10,284782,52,0,1,tiede
13,6,2,4,1,1,1138895,40,2,0,froid
19,18,14,0,0,6,1488567,15,2,1,chaud
5,20,10,6,1,1,1390916,42,0,0,froid
10,31,6,4,3,0,749941,45,1,0,tiede
11,2,10,8,3,5,548189,32,2,1,chaud
2,56,3,0,1,6,399425,72,3,1,froid
7,30,5,8,1,10,1125071,28,2,0,chaud
15,56,10,8,2,2,1144944,63,3,0,tiede
13,3,12,8,2,3,441693,44,3,0,tiede
13,2,13,3,2,6,1004056,62,2,1,tiede
10,18,8,3,3,1,1419512,75,3,1,froid
1,6,5,7,0,4,880014,43,3,1,froid
19,31,10,4,1,2,1049015,29,1,1,chaud
19,3,5,1,0,1,310408,46,2,1,froid
2,54,13,6,3,0,261707,83,0,0,froid
6,58,7,6,2,1,1364574,12,0,1,chaud
8,57,8,5,0,4,1207008,66,2,0,froid
15,27,3,2,2,6,813421,59,1,1,tiede
3,9,5,4,2,4,1151843,28,2,1,tiede
5,60,8,2,2,0,717625,83,3,0,froid
8,9,11,2,3,10,468731,5,3,0,chaud
1,41,1,4,2,2,737642,10,3,0,tiede
3,12,7,4,0,8,685684,60,4,0,froid
5,54,3,0,3,9,349426,82,3,1,froid
16,6,11,4,0,6,881864,33,3,0,tiede
13,45,12,0,1,7,715674,78,2,1,froid
20,56,9,3,3,5,1034065,88,4,1,tiede
9,29,3,1,2,10,505185,89,1,0,froid
19,13,7,0,1,10,414909,55,3,0,tiede
20,6,1,7,3,3,1480145,31,2,0,chaud
2,52,4,3,2,2,531214,32,3,0,tiede
16,45,3,1,3,8,503585,12,4,0,chaud
5,10,3,7,0,8,1284383,27,1,1,tiede
6,42,14,2,0,5,345021,28,4,1,tiede
12,43,10,0,2,3,1475258,87,4,0,froid
11,24,11,3,2,5,1164469,66,0,1,froid
8,28,10,6,0,1,469371,73,1,1,froid
4,45,12,1,3,2,1028744,9,4,1,chaud
6,27,2,1,0,9,1181440,31,1,1,froid
18,51,14,2,3,9,568135,30,1,0,chaud
2,20,4,3,1,1,1039252,62,3,1,froid
2,11,4,3,2,7,593177,44,4,1,tiede
10,30,7,8,1,2,967426,16,1,0,tiede
11,4,7,8,1,5,1004426,72,3,0,froid
3,37,14,8,0,3,758673,63,1,0,froid
1,25,15,3,3,2,999110,78,1,0,froid
17,45,12,3,0,7,1272365,40,2,0,tiede
12,54,11,7,1,0,1189452,18,1,0,chaud
15,41,8,3,1,1,504539,55,3,1,tiede
1,49,13,8,1,7,397355,37,2,0,tiede
16,51,9,1,3,1,1177892,72,3,1,tiede
12,49,8,3,2,9,1251617,79,2,1,tiede
13,13,14,1,0,8,984848,15,1,1,tiede
17,47,15,6,2,4,563378,69,4,0,tiede
20,35,3,8,3,4,1404961,50,1,0,chaud
20,11,9,0,3,4,1262673,67,3,0,tiede
16,58,1,7,2,0,683096,1,3,1,chaud
13,43,11,2,3,0,899932,34,3,1,chaud
5,32,9,1,0,1,764669,73,1,0,froid
4,55,1,5,3,2,1068196,75,0,0,froid
12,54,15,0,1,6,1190266,89,4,1,froid
11,30,14,6,3,6,430650,16,2,1,chaud
6,55,9,0,0,4,1473905,69,3,0,froid
18,47,1,4,3,4,967172,35,3,0,chaud
13,56,13,0,2,9,1403264,14,2,1,chaud
18,47,4,0,3,6,363051,62,4,1,tiede
7,6,6,6,1,6,887292,40,0,1,tiede
4,14,15,6,0,4,1464413,1,1,0,tiede
9,39,9,3,1,3,987913,13,4,0,chaud
5,37,14,4,0,7,1023873,80,0,1,froid
1,22,6,8,2,10,1266561,78,0,0,froid
14,42,10,0,3,4,417368,65,1,1,tiede
17,32,5,4,3,3,1141131,70,3,0,tiede
10,10,5,7,1,5,1339739,51,0,1,tiede
17,18,8,8,1,8,581097,56,4,1,chaud
15,41,15,2,2,2,391271,34,3,0,tiede
6,45,14,6,0,4,818418,54,1,0,froid
9,36,8,2,0,9,1340934,28,3,0,tiede
10,52,4,7,2,1,691024,80,3,1,froid
2,37,6,0,2,1,878667,75,1,1,froid
5,32,3,0,3,7,1365557,68,0,1,froid
2,57,6,5,2,8,412596,4,1,0,chaud
4,24,1,8,2,7,1301130,83,0,1,froid
10,60,7,8,3,4,890734,62,3,1,chaud
2,14,8,6,3,5,872997,29,2,1,chaud
1,58,5,6,0,2,957344,82,2,0,froid
19,40,8,0,0,4,1123665,76,1,1,froid
5,18,11,8,0,9,1129538,56,1,1,tiede
3,10,12,8,2,4,447383,24,1,0,tiede
1,23,12,3,0,7,1171164,9,2,1,tiede
9,15,4,0,0,5,467922,87,2,0,froid
8,49,14,8,2,2,1008500,65,2,0,tiede
12,13,14,0,3,0,651950,22,0,0,tiede
8,5,15,5,0,10,465132,72,1,0,froid
12,8,1,2,0,5,890545,66,1,0,froid
1,34,11,8,1,8,528011,71,3,1,tiede
5,54,15,0,2,0,507101,26,3,0,tiede
18,18,8,2,2,1,1020318,18,2,1,chaud
13,43,1,4,1,10,1182676,15,0,0,chaud
18,28,7,1,3,8,326396,74,1,1,tiede
9,12,7,3,3,9,566681,57,2,1,tiede
6,31,6,1,0,5,815465,65,3,1,froid
4,51,4,7,1,8,1428881,55,4,0,tiede
17,20,11,8,1,8,332392,10,4,1,chaud
13,29,10,8,1,6,1045240,47,1,1,tiede
20,15,9,3,2,6,515104,6,3,0,chaud
14,45,3,3,3,0,683262,71,1,1,froid
19,17,9,2,3,9,1467881,87,3,0,tiede
17,24,10,6,1,9,817852,22,0,0,chaud
3,60,8,3,1,1,250150,54,1,0,froid
17,19,3,0,3,9,1097385,17,2,1,chaud
5,6,15,0,2,7,423179,55,1,1,froid
8,31,1,3,0,9,1481366,52,0,0,froid
19,24,4,0,3,6,1086867,56,1,1,tiede
10,20,10,3,3,7,567703,81,2,0,froid
12,18,1,8,0,2,1282362,18,2,0,tiede
5,32,5,3,1,10,1411387,53,0,1,froid
20,30,15,5,1,7,1372217,81,0,0,froid
8,17,7,5,0,8,1390486,12,0,1,tiede
14,38,9,8,0,7,1104998,75,1,1,tiede
13,39,8,6,1,9,973659,27,1,1,chaud
12,17,11,6,0,8,703063,8,0,0,chaud
1,34,5,7,0,5,552823,14,0,0,tiede
8,55,8,0,1,10,494408,89,2,1,froid
12,57,5,5,3,7,938627,31,1,1,chaud
13,6,5,3,3,6,688225,87,2,0,froid
4,23,15,8,3,6,944905,41,4,1,chaud
18,31,13,1,0,9,1308112,73,4,1,tiede
16,34,7,4,1,10,1155599,54,2,0,tiede
20,19,4,2,0,3,685158,87,2,1,froid
9,47,1,2,1,4,533131,65,3,0,froid
13,24,3,7,2,5,923545,14,4,0,chaud
2,58,4,7,3,10,1245159,7,0,0,chaud
9,29,1,3,1,5,561938,74,0,0,froid
3,12,5,3,2,1,746325,87,2,1,froid
17,59,13,2,0,7,1357164,65,3,0,tiede
3,26,15,4,0,1,1293102,28,4,1,tiede
13,15,14,7,3,9,418686,77,3,0,tiede
15,13,2,4,0,1,1357604,55,1,0,froid
11,51,7,5,1,5,471023,20,3,0,chaud
3,36,8,1,0,1,291275,24,2,1,froid
16,27,1,1,1,2,1063923,77,4,1,froid
14,28,15,8,1,6,1046018,89,1,0,froid
6,10,1,6,1,0,873349,22,1,1,tiede
2,26,7,6,0,3,285628,30,2,0,froid
20,44,9,4,3,9,1304559,62,1,1,chaud
20,48,6,7,0,1,592252,3,0,1,chaud
10,43,4,7,0,2,1496151,56,0,0,froid
8,30,13,6,0,9,1494958,83,0,0,froid
11,13,3,3,3,3,908697,47,0,0,froid
16,55,10,4,0,9,890493,66,2,0,tiede
14,44,9,3,1,5,444443,12,0,1,chaud
2,12,15,4,1,10,1476183,61,2,1,tiede
19,31,12,3,0,4,501131,16,3,1,chaud
16,46,9,8,1,3,629580,55,1,0,tiede
10,57,13,3,1,3,839573,51,4,1,tiede
19,3,14,3,0,0,406506,90,1,1,froid
6,28,12,5,3,0,914928,76,2,1,froid
4,21,11,1,2,5,990772,27,3,1,tiede
4,44,15,7,1,8,1379918,6,0,1,chaud
5,25,13,0,2,3,503082,20,0,0,froid
15,18,4,6,3,10,1472715,84,4,0,tiede
16,24,6,8,0,5,1281622,87,2,1,froid
9,59,9,8,2,8,1286868,47,2,0,chaud
20,57,6,6,3,4,998770,25,3,0,chaud
8,44,8,6,0,0,925381,24,1,1,tiede
13,46,13,0,2,2,1430017,18,0,0,tiede
1,46,7,0,2,9,1164648,54,1,0,froid
8,50,7,8,2,3,620321,30,2,1,chaud
12,50,8,4,2,7,1428189,39,4,0,chaud
15,13,6,3,0,1,380987,59,2,1,froid
2,29,15,4,1,10,1279521,78,3,1,froid
13,52,1,2,0,2,722391,87,0,0,froid
8,19,4,2,3,9,632560,11,4,1,chaud
1,38,6,8,3,2,370738,74,3,1,froid
20,42,15,2,0,3,705983,29,1,0,tiede
16,6,14,7,3,6,1000536,64,0,1,tiede
6,17,11,7,1,0,598259,44,0,0,froid
6,35,6,3,1,6,848665,23,2,0,tiede
6,18,12,0,2,9,740210,41,0,0,froid
14,32,3,7,1,1,697713,55,2,0,froid
1,37,11,6,3,4,562407,69,1,0,froid
1,43,13,7,2,0,1405423,69,1,1,froid
20,5,2,2,0,7,944175,16,1,1,tiede
4,37,8,5,1,10,648470,13,2,0,chaud
19,43,13,7,2,8,1122191,3,4,1,chaud
